Los Angeles,14.080000
Nashville,13.680000
San Diego,11.950000
Phoenix,11.820000
Denver,11.750000
Houston,11.150000
New York,10.530000
Chicago,10.030000
Atlanta,9.710000
Seattle,9.410000
Detroit,9.370000
Austin,9.320000
Portland,8.750000
Las Vegas,8.370000
Boston,7.940000
Miami,7.570000
Dallas,7.410000
Philadelphia,6.440000
Charlotte,4.530000
San Jose,4.010000
